Math,58,src/main/java/org/apache/commons/math/optimization/general/LevenbergMarquardtOptimizer.java,384
Math,58,src/main/java/org/apache/commons/math/optimization/general/LevenbergMarquardtOptimizer.java,386
Math,58,src/main/java/org/apache/commons/math/optimization/general/LevenbergMarquardtOptimizer.java,389
Math,58,src/main/java/org/apache/commons/math/optimization/general/LevenbergMarquardtOptimizer.java,390
Math,58,src/main/java/org/apache/commons/math/optimization/general/LevenbergMarquardtOptimizer.java,417
Math,58,src/main/java/org/apache/commons/math/optimization/general/LevenbergMarquardtOptimizer.java,418
Math,58,src/main/java/org/apache/commons/math/optimization/general/LevenbergMarquardtOptimizer.java,419
Math,58,src/main/java/org/apache/commons/math/optimization/general/LevenbergMarquardtOptimizer.java,420
Math,58,src/main/java/org/apache/commons/math/optimization/general/LevenbergMarquardtOptimizer.java,422
Math,58,src/main/java/org/apache/commons/math/optimization/general/LevenbergMarquardtOptimizer.java,423
Math,58,src/main/java/org/apache/commons/math/optimization/general/LevenbergMarquardtOptimizer.java,424
Math,58,src/main/java/org/apache/commons/math/optimization/general/LevenbergMarquardtOptimizer.java,425
Math,58,src/main/java/org/apache/commons/math/optimization/general/LevenbergMarquardtOptimizer.java,426
Math,58,src/main/java/org/apache/commons/math/optimization/general/LevenbergMarquardtOptimizer.java,427
Math,58,src/main/java/org/apache/commons/math/optimization/general/LevenbergMarquardtOptimizer.java,516
Math,58,src/main/java/org/apache/commons/math/optimization/general/LevenbergMarquardtOptimizer.java,517
Math,58,src/main/java/org/apache/commons/math/optimization/general/LevenbergMarquardtOptimizer.java,518
Math,58,src/main/java/org/apache/commons/math/optimization/general/LevenbergMarquardtOptimizer.java,519
Math,58,src/main/java/org/apache/commons/math/optimization/general/LevenbergMarquardtOptimizer.java,520
Math,58,src/main/java/org/apache/commons/math/optimization/general/LevenbergMarquardtOptimizer.java,522
Math,58,src/main/java/org/apache/commons/math/optimization/general/LevenbergMarquardtOptimizer.java,523
Math,58,src/main/java/org/apache/commons/math/optimization/general/LevenbergMarquardtOptimizer.java,524
Math,58,src/main/java/org/apache/commons/math/optimization/general/LevenbergMarquardtOptimizer.java,525
Math,58,src/main/java/org/apache/commons/math/optimization/general/LevenbergMarquardtOptimizer.java,526
Math,58,src/main/java/org/apache/commons/math/optimization/general/LevenbergMarquardtOptimizer.java,527
Math,58,src/main/java/org/apache/commons/math/optimization/general/LevenbergMarquardtOptimizer.java,529
Math,58,src/main/java/org/apache/commons/math/optimization/general/LevenbergMarquardtOptimizer.java,530
Math,58,src/main/java/org/apache/commons/math/optimization/general/LevenbergMarquardtOptimizer.java,531
Math,58,src/main/java/org/apache/commons/math/optimization/general/LevenbergMarquardtOptimizer.java,533
Math,58,src/main/java/org/apache/commons/math/optimization/general/LevenbergMarquardtOptimizer.java,537
Math,58,src/main/java/org/apache/commons/math/optimization/general/LevenbergMarquardtOptimizer.java,538
Math,58,src/main/java/org/apache/commons/math/optimization/general/LevenbergMarquardtOptimizer.java,539
Math,58,src/main/java/org/apache/commons/math/optimization/general/LevenbergMarquardtOptimizer.java,540
Math,58,src/main/java/org/apache/commons/math/optimization/general/LevenbergMarquardtOptimizer.java,541
Math,58,src/main/java/org/apache/commons/math/optimization/general/LevenbergMarquardtOptimizer.java,542
Math,58,src/main/java/org/apache/commons/math/optimization/general/LevenbergMarquardtOptimizer.java,544
Math,58,src/main/java/org/apache/commons/math/optimization/general/LevenbergMarquardtOptimizer.java,545
Math,58,src/main/java/org/apache/commons/math/optimization/general/LevenbergMarquardtOptimizer.java,547
Math,58,src/main/java/org/apache/commons/math/optimization/general/LevenbergMarquardtOptimizer.java,548
Math,58,src/main/java/org/apache/commons/math/optimization/general/LevenbergMarquardtOptimizer.java,549
Math,58,src/main/java/org/apache/commons/math/optimization/general/LevenbergMarquardtOptimizer.java,556
Math,58,src/main/java/org/apache/commons/math/optimization/general/LevenbergMarquardtOptimizer.java,557
Math,58,src/main/java/org/apache/commons/math/optimization/general/LevenbergMarquardtOptimizer.java,561
Math,58,src/main/java/org/apache/commons/math/optimization/general/LevenbergMarquardtOptimizer.java,564
Math,58,src/main/java/org/apache/commons/math/optimization/general/LevenbergMarquardtOptimizer.java,567
Math,58,src/main/java/org/apache/commons/math/optimization/general/LevenbergMarquardtOptimizer.java,568
Math,58,src/main/java/org/apache/commons/math/optimization/general/LevenbergMarquardtOptimizer.java,569
Math,58,src/main/java/org/apache/commons/math/optimization/general/LevenbergMarquardtOptimizer.java,570
Math,58,src/main/java/org/apache/commons/math/optimization/general/LevenbergMarquardtOptimizer.java,572
Math,58,src/main/java/org/apache/commons/math/optimization/general/LevenbergMarquardtOptimizer.java,574
Math,58,src/main/java/org/apache/commons/math/optimization/general/LevenbergMarquardtOptimizer.java,575
Math,58,src/main/java/org/apache/commons/math/optimization/general/LevenbergMarquardtOptimizer.java,576
Math,58,src/main/java/org/apache/commons/math/optimization/general/LevenbergMarquardtOptimizer.java,577
Math,58,src/main/java/org/apache/commons/math/optimization/general/LevenbergMarquardtOptimizer.java,578
Math,58,src/main/java/org/apache/commons/math/optimization/general/LevenbergMarquardtOptimizer.java,579
Math,58,src/main/java/org/apache/commons/math/optimization/general/LevenbergMarquardtOptimizer.java,581
Math,58,src/main/java/org/apache/commons/math/optimization/general/LevenbergMarquardtOptimizer.java,582
Math,58,src/main/java/org/apache/commons/math/optimization/general/LevenbergMarquardtOptimizer.java,583
Math,58,src/main/java/org/apache/commons/math/optimization/general/LevenbergMarquardtOptimizer.java,587
Math,58,src/main/java/org/apache/commons/math/optimization/general/LevenbergMarquardtOptimizer.java,589
Math,58,src/main/java/org/apache/commons/math/optimization/general/LevenbergMarquardtOptimizer.java,593
Math,58,src/main/java/org/apache/commons/math/optimization/general/LevenbergMarquardtOptimizer.java,594
Math,58,src/main/java/org/apache/commons/math/optimization/general/LevenbergMarquardtOptimizer.java,595
Math,58,src/main/java/org/apache/commons/math/optimization/general/LevenbergMarquardtOptimizer.java,597
Math,58,src/main/java/org/apache/commons/math/optimization/general/LevenbergMarquardtOptimizer.java,598
Math,58,src/main/java/org/apache/commons/math/optimization/general/LevenbergMarquardtOptimizer.java,599
Math,58,src/main/java/org/apache/commons/math/optimization/general/LevenbergMarquardtOptimizer.java,600
Math,58,src/main/java/org/apache/commons/math/optimization/general/LevenbergMarquardtOptimizer.java,601
Math,58,src/main/java/org/apache/commons/math/optimization/general/LevenbergMarquardtOptimizer.java,602
Math,58,src/main/java/org/apache/commons/math/optimization/general/LevenbergMarquardtOptimizer.java,605
Math,58,src/main/java/org/apache/commons/math/optimization/general/LevenbergMarquardtOptimizer.java,606
Math,58,src/main/java/org/apache/commons/math/optimization/general/LevenbergMarquardtOptimizer.java,607
Math,58,src/main/java/org/apache/commons/math/optimization/general/LevenbergMarquardtOptimizer.java,608
Math,58,src/main/java/org/apache/commons/math/optimization/general/LevenbergMarquardtOptimizer.java,610
Math,58,src/main/java/org/apache/commons/math/optimization/general/LevenbergMarquardtOptimizer.java,613
Math,58,src/main/java/org/apache/commons/math/optimization/general/LevenbergMarquardtOptimizer.java,614
Math,58,src/main/java/org/apache/commons/math/optimization/general/LevenbergMarquardtOptimizer.java,615
Math,58,src/main/java/org/apache/commons/math/optimization/general/LevenbergMarquardtOptimizer.java,616
Math,58,src/main/java/org/apache/commons/math/optimization/general/LevenbergMarquardtOptimizer.java,620
Math,58,src/main/java/org/apache/commons/math/optimization/general/LevenbergMarquardtOptimizer.java,650
Math,58,src/main/java/org/apache/commons/math/optimization/general/LevenbergMarquardtOptimizer.java,651
Math,58,src/main/java/org/apache/commons/math/optimization/general/LevenbergMarquardtOptimizer.java,652
Math,58,src/main/java/org/apache/commons/math/optimization/general/LevenbergMarquardtOptimizer.java,653
Math,58,src/main/java/org/apache/commons/math/optimization/general/LevenbergMarquardtOptimizer.java,655
Math,58,src/main/java/org/apache/commons/math/optimization/general/LevenbergMarquardtOptimizer.java,656
Math,58,src/main/java/org/apache/commons/math/optimization/general/LevenbergMarquardtOptimizer.java,660
Math,58,src/main/java/org/apache/commons/math/optimization/general/LevenbergMarquardtOptimizer.java,664
Math,58,src/main/java/org/apache/commons/math/optimization/general/LevenbergMarquardtOptimizer.java,665
Math,58,src/main/java/org/apache/commons/math/optimization/general/LevenbergMarquardtOptimizer.java,666
Math,58,src/main/java/org/apache/commons/math/optimization/general/LevenbergMarquardtOptimizer.java,667
Math,58,src/main/java/org/apache/commons/math/optimization/general/LevenbergMarquardtOptimizer.java,669
Math,58,src/main/java/org/apache/commons/math/optimization/general/LevenbergMarquardtOptimizer.java,674
Math,58,src/main/java/org/apache/commons/math/optimization/general/LevenbergMarquardtOptimizer.java,675
Math,58,src/main/java/org/apache/commons/math/optimization/general/LevenbergMarquardtOptimizer.java,676
Math,58,src/main/java/org/apache/commons/math/optimization/general/LevenbergMarquardtOptimizer.java,680
Math,58,src/main/java/org/apache/commons/math/optimization/general/LevenbergMarquardtOptimizer.java,684
Math,58,src/main/java/org/apache/commons/math/optimization/general/LevenbergMarquardtOptimizer.java,685
Math,58,src/main/java/org/apache/commons/math/optimization/general/LevenbergMarquardtOptimizer.java,686
Math,58,src/main/java/org/apache/commons/math/optimization/general/LevenbergMarquardtOptimizer.java,687
Math,58,src/main/java/org/apache/commons/math/optimization/general/LevenbergMarquardtOptimizer.java,688
Math,58,src/main/java/org/apache/commons/math/optimization/general/LevenbergMarquardtOptimizer.java,689
Math,58,src/main/java/org/apache/commons/math/optimization/general/LevenbergMarquardtOptimizer.java,690
Math,58,src/main/java/org/apache/commons/math/optimization/general/LevenbergMarquardtOptimizer.java,691
Math,58,src/main/java/org/apache/commons/math/optimization/general/LevenbergMarquardtOptimizer.java,692
Math,58,src/main/java/org/apache/commons/math/optimization/general/LevenbergMarquardtOptimizer.java,697
Math,58,src/main/java/org/apache/commons/math/optimization/general/LevenbergMarquardtOptimizer.java,698
Math,58,src/main/java/org/apache/commons/math/optimization/general/LevenbergMarquardtOptimizer.java,699
Math,58,src/main/java/org/apache/commons/math/optimization/general/LevenbergMarquardtOptimizer.java,700
Math,58,src/main/java/org/apache/commons/math/optimization/general/LevenbergMarquardtOptimizer.java,703
Math,58,src/main/java/org/apache/commons/math/optimization/general/LevenbergMarquardtOptimizer.java,704
Math,58,src/main/java/org/apache/commons/math/optimization/general/LevenbergMarquardtOptimizer.java,705
Math,58,src/main/java/org/apache/commons/math/optimization/general/LevenbergMarquardtOptimizer.java,706
Math,58,src/main/java/org/apache/commons/math/optimization/general/LevenbergMarquardtOptimizer.java,707
Math,58,src/main/java/org/apache/commons/math/optimization/general/LevenbergMarquardtOptimizer.java,714
Math,58,src/main/java/org/apache/commons/math/optimization/general/LevenbergMarquardtOptimizer.java,715
Math,58,src/main/java/org/apache/commons/math/optimization/general/LevenbergMarquardtOptimizer.java,720
Math,58,src/main/java/org/apache/commons/math/optimization/general/LevenbergMarquardtOptimizer.java,721
Math,58,src/main/java/org/apache/commons/math/optimization/general/LevenbergMarquardtOptimizer.java,722
Math,58,src/main/java/org/apache/commons/math/optimization/general/LevenbergMarquardtOptimizer.java,725
Math,58,src/main/java/org/apache/commons/math/optimization/general/LevenbergMarquardtOptimizer.java,729
Math,58,src/main/java/org/apache/commons/math/optimization/general/LevenbergMarquardtOptimizer.java,730
Math,58,src/main/java/org/apache/commons/math/optimization/general/LevenbergMarquardtOptimizer.java,731
Math,58,src/main/java/org/apache/commons/math/optimization/general/LevenbergMarquardtOptimizer.java,732
Math,58,src/main/java/org/apache/commons/math/optimization/general/LevenbergMarquardtOptimizer.java,733
Math,58,src/main/java/org/apache/commons/math/optimization/general/LevenbergMarquardtOptimizer.java,734
Math,58,src/main/java/org/apache/commons/math/optimization/general/LevenbergMarquardtOptimizer.java,736
Math,58,src/main/java/org/apache/commons/math/optimization/general/LevenbergMarquardtOptimizer.java,741
Math,58,src/main/java/org/apache/commons/math/optimization/general/LevenbergMarquardtOptimizer.java,742
Math,58,src/main/java/org/apache/commons/math/optimization/general/LevenbergMarquardtOptimizer.java,744
Math,58,src/main/java/org/apache/commons/math/analysis/function/Gaussian.java,183
Math,58,src/main/java/org/apache/commons/math/util/FastMath.java,3830
Math,58,src/main/java/org/apache/commons/math/util/FastMath.java,3831
Math,58,src/main/java/org/apache/commons/math/exception/MathRuntimeException.java,102
Math,58,src/main/java/org/apache/commons/math/exception/MathRuntimeException.java,114
Math,58,src/main/java/org/apache/commons/math/exception/util/LocalizedFormats.java,352
Math,58,src/main/java/org/apache/commons/math/exception/util/LocalizedFormats.java,359
Math,58,src/main/java/org/apache/commons/math/exception/util/LocalizedFormats.java,365
Math,58,src/main/java/org/apache/commons/math/exception/NotStrictlyPositiveException.java,38
Math,58,src/main/java/org/apache/commons/math/exception/NotStrictlyPositiveException.java,39
Math,104,src/java/org/apache/commons/math/special/Gamma.java,200
Closure,73,src/com/google/javascript/jscomp/CodeGenerator.java,1051
Closure,73,src/com/google/javascript/jscomp/CodeGenerator.java,1160
Closure,73,src/com/google/javascript/jscomp/CodeGenerator.java,1164
Closure,73,src/com/google/javascript/jscomp/CodeGenerator.java,1165
Closure,73,src/com/google/javascript/jscomp/CodeGenerator.java,1177
Closure,73,src/com/google/javascript/jscomp/CodeGenerator.java,1187
Closure,73,src/com/google/javascript/jscomp/CodeGenerator.java,1192
Math,41,src/main/java/org/apache/commons/math/stat/descriptive/moment/Variance.java,370
Time,4,src/main/java/org/joda/time/field/ZeroIsMaxDateTimeField.java,111
Time,4,src/main/java/org/joda/time/field/ZeroIsMaxDateTimeField.java,138
Time,4,src/main/java/org/joda/time/field/ZeroIsMaxDateTimeField.java,178
Closure,52,src/com/google/javascript/jscomp/CodeGenerator.java,676
Lang,6,src/main/java/org/apache/commons/lang3/StringEscapeUtils.java,556
Closure,10,src/com/google/javascript/jscomp/PeepholeFoldConstants.java,1142
Closure,67,src/com/google/javascript/rhino/Node.java,173
Closure,67,src/com/google/javascript/rhino/Node.java,195
Closure,67,src/com/google/javascript/rhino/Node.java,221
Closure,67,src/com/google/javascript/rhino/Node.java,844
Closure,67,src/com/google/javascript/rhino/Node.java,845
Closure,67,src/com/google/javascript/rhino/Node.java,846
Closure,67,src/com/google/javascript/rhino/Node.java,849
Closure,67,src/com/google/javascript/rhino/Node.java,850
Closure,67,src/com/google/javascript/rhino/Node.java,851
Closure,67,src/com/google/javascript/rhino/Node.java,852
Closure,67,src/com/google/javascript/rhino/Node.java,855
Closure,67,src/com/google/javascript/rhino/Node.java,856
Closure,67,src/com/google/javascript/rhino/Node.java,913
Closure,67,src/com/google/javascript/rhino/Node.java,921
Closure,67,src/com/google/javascript/rhino/Node.java,922
Closure,67,src/com/google/javascript/rhino/Node.java,923
Closure,67,src/com/google/javascript/rhino/Node.java,934
Closure,67,src/com/google/javascript/rhino/Node.java,935
Closure,67,src/com/google/javascript/rhino/Node.java,936
Closure,67,src/com/google/javascript/rhino/Node.java,937
Closure,67,src/com/google/javascript/rhino/Node.java,938
Closure,67,src/com/google/javascript/rhino/Node.java,939
Closure,67,src/com/google/javascript/rhino/Node.java,943
Closure,67,src/com/google/javascript/rhino/Node.java,946
Closure,67,src/com/google/javascript/rhino/Node.java,948
Closure,67,src/com/google/javascript/rhino/Node.java,966
Closure,67,src/com/google/javascript/rhino/Node.java,970
Closure,67,src/com/google/javascript/rhino/Node.java,971
Closure,67,src/com/google/javascript/rhino/Node.java,972
Closure,67,src/com/google/javascript/rhino/Node.java,973
Closure,67,src/com/google/javascript/rhino/Node.java,974
Closure,67,src/com/google/javascript/rhino/Node.java,978
Closure,67,src/com/google/javascript/rhino/Node.java,979
Closure,67,src/com/google/javascript/rhino/Node.java,980
Closure,67,src/com/google/javascript/rhino/Node.java,981
Closure,67,src/com/google/javascript/rhino/Node.java,982
Closure,67,src/com/google/javascript/rhino/Node.java,983
Closure,67,src/com/google/javascript/rhino/Node.java,984
Closure,67,src/com/google/javascript/rhino/Node.java,985
Closure,67,src/com/google/javascript/rhino/Node.java,987
Closure,67,src/com/google/javascript/rhino/Node.java,1023
Closure,67,src/com/google/javascript/rhino/Node.java,1024
Closure,67,src/com/google/javascript/rhino/Node.java,1025
Closure,67,src/com/google/javascript/rhino/Node.java,1027
Closure,67,src/com/google/javascript/rhino/Node.java,1031
Closure,67,src/com/google/javascript/rhino/Node.java,1032
Closure,67,src/com/google/javascript/rhino/Node.java,1036
Closure,67,src/com/google/javascript/rhino/Node.java,1037
Closure,67,src/com/google/javascript/rhino/Node.java,1046
Closure,67,src/com/google/javascript/rhino/Node.java,1050
Closure,67,src/com/google/javascript/rhino/Node.java,1055
Closure,67,src/com/google/javascript/rhino/Node.java,1056
Closure,67,src/com/google/javascript/rhino/Node.java,1057
Closure,67,src/com/google/javascript/rhino/Node.java,1064
Closure,67,src/com/google/javascript/rhino/Node.java,1065
Closure,67,src/com/google/javascript/rhino/Node.java,1070
Closure,67,src/com/google/javascript/rhino/Node.java,1071
Closure,67,src/com/google/javascript/rhino/Node.java,1073
Closure,67,src/com/google/javascript/rhino/Node.java,1074
Closure,67,src/com/google/javascript/rhino/Node.java,1075
Closure,67,src/com/google/javascript/rhino/Node.java,1076
Closure,67,src/com/google/javascript/rhino/Node.java,1078
Closure,67,src/com/google/javascript/rhino/Node.java,1077
Closure,67,src/com/google/javascript/rhino/Node.java,1081
Closure,67,src/com/google/javascript/rhino/Node.java,1385
Closure,67,src/com/google/javascript/rhino/Node.java,1414
Closure,67,src/com/google/javascript/rhino/Node.java,1427
Closure,67,src/com/google/javascript/rhino/Node.java,2261
Closure,67,src/com/google/javascript/rhino/Node.java,2262
Closure,67,src/com/google/javascript/rhino/Node.java,2263
Closure,67,src/com/google/javascript/rhino/Node.java,2264
Time,19,src/main/java/org/joda/time/DateTime.java,331
Time,19,src/main/java/org/joda/time/DateTime.java,333
Closure,104,src/com/google/javascript/rhino/jstype/UnionType.java,287
Chart,10,source/org/jfree/chart/imagemap/StandardToolTipTagFragmentGenerator.java,54
Chart,10,source/org/jfree/chart/imagemap/StandardToolTipTagFragmentGenerator.java,55
Chart,10,source/org/jfree/chart/imagemap/StandardToolTipTagFragmentGenerator.java,65
Chart,9,source/org/jfree/data/time/TimeSeries.java,883
Chart,9,source/org/jfree/data/time/TimeSeries.java,921
Chart,9,source/org/jfree/data/time/TimeSeries.java,924
Chart,9,source/org/jfree/data/time/TimeSeries.java,927
Chart,9,source/org/jfree/data/time/TimeSeries.java,931
Chart,9,source/org/jfree/data/time/TimeSeries.java,932
Chart,9,source/org/jfree/data/time/TimeSeries.java,933
Chart,9,source/org/jfree/data/time/TimeSeries.java,934
Chart,9,source/org/jfree/data/time/TimeSeries.java,935
Chart,9,source/org/jfree/data/time/TimeSeries.java,939
Chart,9,source/org/jfree/data/time/TimeSeries.java,940
Chart,9,source/org/jfree/data/time/TimeSeries.java,941
Chart,9,source/org/jfree/data/time/TimeSeries.java,942
Chart,9,source/org/jfree/data/time/TimeSeries.java,944
Chart,9,source/org/jfree/data/time/TimeSeries.java,947
Chart,9,source/org/jfree/data/time/TimeSeries.java,953
Closure,125,src/com/google/javascript/rhino/jstype/JSType.java,958
Closure,113,src/com/google/javascript/jscomp/ProcessClosurePrimitives.java,169
Closure,70,src/com/google/javascript/jscomp/TypeValidator.java,552
Closure,70,src/com/google/javascript/jscomp/TypeValidator.java,553
Closure,70,src/com/google/javascript/jscomp/Scope.java,265
Closure,70,src/com/google/javascript/jscomp/Scope.java,268
Math,63,src/main/java/org/apache/commons/math/util/MathUtils.java,417
Math,63,src/main/java/org/apache/commons/math/util/MathUtils.java,523
Math,63,src/main/java/org/apache/commons/math/util/MathUtils.java,524
Math,63,src/main/java/org/apache/commons/math/util/MathUtils.java,526
Math,63,src/main/java/org/apache/commons/math/util/MathUtils.java,527
Math,63,src/main/java/org/apache/commons/math/util/MathUtils.java,529
Math,63,src/main/java/org/apache/commons/math/util/MathUtils.java,530
Math,63,src/main/java/org/apache/commons/math/util/MathUtils.java,534
Math,69,src/main/java/org/apache/commons/math/stat/correlation/PearsonsCorrelation.java,68
Math,69,src/main/java/org/apache/commons/math/stat/correlation/PearsonsCorrelation.java,69
Closure,51,src/com/google/javascript/jscomp/parsing/IRFactory.java,945
Closure,51,src/com/google/javascript/jscomp/parsing/IRFactory.java,946
Closure,51,src/com/google/javascript/rhino/Node.java,275
Closure,51,src/com/google/javascript/rhino/Node.java,276
Mockito,26,src/org/mockito/internal/stubbing/defaultanswers/ReturnsMoreEmptyValues.java,59
Lang,21,src/main/java/org/apache/commons/lang3/time/DateUtils.java,259
Lang,21,src/main/java/org/apache/commons/lang3/time/DateUtils.java,262
Closure,14,src/com/google/javascript/jscomp/type/ChainableReverseAbstractInterpreter.java,250
Closure,14,src/com/google/javascript/jscomp/ControlFlowAnalysis.java,579
Closure,63,src/com/google/javascript/jscomp/LightweightMessageFormatter.java,90
Closure,63,src/com/google/javascript/jscomp/LightweightMessageFormatter.java,91
Closure,63,src/com/google/javascript/jscomp/LightweightMessageFormatter.java,92
Closure,63,src/com/google/javascript/jscomp/LightweightMessageFormatter.java,97
Math,94,src/java/org/apache/commons/math/util/MathUtils.java,430
Math,94,src/java/org/apache/commons/math/util/MathUtils.java,431
Math,94,src/java/org/apache/commons/math/util/MathUtils.java,432
Math,70,src/main/java/org/apache/commons/math/analysis/solvers/BisectionSolver.java,72
Chart,13,source/org/jfree/chart/block/AbstractBlock.java,438
Chart,13,source/org/jfree/chart/block/AbstractBlock.java,443
Chart,13,source/org/jfree/chart/block/AbstractBlock.java,453
Chart,13,source/org/jfree/chart/block/BorderArrangement.java,147
Chart,13,source/org/jfree/chart/block/BorderArrangement.java,148
Chart,13,source/org/jfree/chart/block/BorderArrangement.java,149
Chart,13,source/org/jfree/chart/block/BorderArrangement.java,151
Chart,13,source/org/jfree/chart/block/BorderArrangement.java,152
Chart,13,source/org/jfree/chart/block/BorderArrangement.java,277
Chart,13,source/org/jfree/chart/block/BorderArrangement.java,278
Chart,13,source/org/jfree/chart/block/BorderArrangement.java,279
Chart,13,source/org/jfree/chart/block/BorderArrangement.java,282
Chart,13,source/org/jfree/chart/block/BorderArrangement.java,287
Chart,13,source/org/jfree/chart/block/BorderArrangement.java,292
Chart,13,source/org/jfree/chart/block/BorderArrangement.java,295
Chart,13,source/org/jfree/chart/block/BorderArrangement.java,296
Chart,13,source/org/jfree/chart/block/BorderArrangement.java,297
Chart,13,source/org/jfree/chart/block/BorderArrangement.java,298
Chart,13,source/org/jfree/chart/block/BorderArrangement.java,300
Chart,13,source/org/jfree/chart/block/BorderArrangement.java,301
Chart,13,source/org/jfree/chart/block/BorderArrangement.java,302
Chart,13,source/org/jfree/chart/block/BorderArrangement.java,306
Chart,13,source/org/jfree/chart/block/BorderArrangement.java,307
Chart,13,source/org/jfree/chart/block/BorderArrangement.java,308
Chart,13,source/org/jfree/chart/block/BorderArrangement.java,311
Chart,13,source/org/jfree/chart/block/BorderArrangement.java,312
Chart,13,source/org/jfree/chart/block/BorderArrangement.java,314
Chart,13,source/org/jfree/chart/block/BorderArrangement.java,315
Chart,13,source/org/jfree/chart/block/BorderArrangement.java,318
Chart,13,source/org/jfree/chart/block/BorderArrangement.java,319
Chart,13,source/org/jfree/chart/block/BorderArrangement.java,320
Chart,13,source/org/jfree/chart/block/BorderArrangement.java,322
Chart,13,source/org/jfree/chart/block/BorderArrangement.java,323
Chart,13,source/org/jfree/chart/block/BorderArrangement.java,424
Chart,13,source/org/jfree/chart/block/BorderArrangement.java,425
Chart,13,source/org/jfree/chart/block/BorderArrangement.java,426
Chart,13,source/org/jfree/chart/block/BorderArrangement.java,427
Chart,13,source/org/jfree/chart/block/BorderArrangement.java,435
Chart,13,source/org/jfree/chart/block/BorderArrangement.java,436
Chart,13,source/org/jfree/chart/block/BorderArrangement.java,443
Chart,13,source/org/jfree/chart/block/BorderArrangement.java,444
Chart,13,source/org/jfree/chart/block/BorderArrangement.java,445
Chart,13,source/org/jfree/chart/block/BorderArrangement.java,449
Chart,13,source/org/jfree/chart/block/BorderArrangement.java,450
Chart,13,source/org/jfree/chart/block/BorderArrangement.java,452
Chart,13,source/org/jfree/chart/block/BorderArrangement.java,453
Chart,13,source/org/jfree/chart/block/BorderArrangement.java,454
Chart,13,source/org/jfree/chart/block/BorderArrangement.java,458
Chart,13,source/org/jfree/chart/block/BorderArrangement.java,459
Chart,13,source/org/jfree/chart/block/BorderArrangement.java,461
Chart,13,source/org/jfree/chart/block/BorderArrangement.java,462
Chart,13,source/org/jfree/chart/block/BorderArrangement.java,463
Chart,13,source/org/jfree/chart/block/BorderArrangement.java,464
Chart,13,source/org/jfree/chart/block/BorderArrangement.java,465
Chart,13,source/org/jfree/chart/block/BorderArrangement.java,468
Chart,13,source/org/jfree/chart/block/BorderArrangement.java,472
Chart,13,source/org/jfree/chart/block/BorderArrangement.java,476
Chart,13,source/org/jfree/chart/block/BorderArrangement.java,477
Chart,13,source/org/jfree/chart/block/BorderArrangement.java,480
Chart,13,source/org/jfree/chart/block/BorderArrangement.java,481
Chart,13,source/org/jfree/chart/block/BorderArrangement.java,484
Chart,13,source/org/jfree/chart/block/BorderArrangement.java,485
Chart,13,source/org/jfree/chart/block/BorderArrangement.java,488
Chart,13,source/org/jfree/data/Range.java,85
Chart,13,source/org/jfree/data/Range.java,87
Chart,13,source/org/jfree/chart/block/RectangleConstraint.java,89
Chart,13,source/org/jfree/chart/block/RectangleConstraint.java,93
Lang,26,src/main/java/org/apache/commons/lang3/time/FastDateFormat.java,654
Lang,26,src/main/java/org/apache/commons/lang3/time/FastDateFormat.java,655
Math,32,src/main/java/org/apache/commons/math3/geometry/euclidean/threed/PolyhedronsSet.java,83
Math,32,src/main/java/org/apache/commons/math3/geometry/euclidean/threed/PolyhedronsSet.java,84
Math,32,src/main/java/org/apache/commons/math3/geometry/euclidean/twod/PolygonsSet.java,135
Math,32,src/main/java/org/apache/commons/math3/geometry/euclidean/twod/PolygonsSet.java,136
Math,32,src/main/java/org/apache/commons/math3/geometry/euclidean/twod/PolygonsSet.java,330
Math,32,src/main/java/org/apache/commons/math3/geometry/euclidean/twod/SubLine.java,56
Math,32,src/main/java/org/apache/commons/math3/geometry/euclidean/twod/SubLine.java,57
Math,32,src/main/java/org/apache/commons/math3/geometry/euclidean/twod/SubLine.java,139
Math,32,src/main/java/org/apache/commons/math3/geometry/euclidean/twod/SubLine.java,140
Math,32,src/main/java/org/apache/commons/math3/geometry/partitioning/utilities/AVLTree.java,167
Math,80,src/main/java/org/apache/commons/math/linear/EigenDecompositionImpl.java,871
Math,80,src/main/java/org/apache/commons/math/linear/EigenDecompositionImpl.java,872
Math,80,src/main/java/org/apache/commons/math/linear/EigenDecompositionImpl.java,944
Math,80,src/main/java/org/apache/commons/math/linear/EigenDecompositionImpl.java,945
Math,80,src/main/java/org/apache/commons/math/linear/EigenDecompositionImpl.java,957
Math,80,src/main/java/org/apache/commons/math/linear/EigenDecompositionImpl.java,958
Math,80,src/main/java/org/apache/commons/math/linear/EigenDecompositionImpl.java,959
Math,80,src/main/java/org/apache/commons/math/linear/EigenDecompositionImpl.java,960
Math,80,src/main/java/org/apache/commons/math/linear/EigenDecompositionImpl.java,1055
Math,80,src/main/java/org/apache/commons/math/linear/EigenDecompositionImpl.java,1056
Math,80,src/main/java/org/apache/commons/math/linear/EigenDecompositionImpl.java,1059
Math,80,src/main/java/org/apache/commons/math/linear/EigenDecompositionImpl.java,1062
Math,80,src/main/java/org/apache/commons/math/linear/EigenDecompositionImpl.java,1063
Math,80,src/main/java/org/apache/commons/math/linear/EigenDecompositionImpl.java,1135
Math,80,src/main/java/org/apache/commons/math/linear/EigenDecompositionImpl.java,1136
Math,80,src/main/java/org/apache/commons/math/linear/EigenDecompositionImpl.java,1137
Math,80,src/main/java/org/apache/commons/math/linear/EigenDecompositionImpl.java,1138
Math,80,src/main/java/org/apache/commons/math/linear/EigenDecompositionImpl.java,1139
Math,80,src/main/java/org/apache/commons/math/linear/EigenDecompositionImpl.java,1140
Math,80,src/main/java/org/apache/commons/math/linear/EigenDecompositionImpl.java,1142
Math,80,src/main/java/org/apache/commons/math/linear/EigenDecompositionImpl.java,1144
Math,80,src/main/java/org/apache/commons/math/linear/EigenDecompositionImpl.java,1384
Math,80,src/main/java/org/apache/commons/math/linear/EigenDecompositionImpl.java,1385
Math,80,src/main/java/org/apache/commons/math/linear/EigenDecompositionImpl.java,1386
Math,80,src/main/java/org/apache/commons/math/linear/EigenDecompositionImpl.java,1387
Math,80,src/main/java/org/apache/commons/math/linear/EigenDecompositionImpl.java,1404
Math,80,src/main/java/org/apache/commons/math/linear/EigenDecompositionImpl.java,1405
Math,80,src/main/java/org/apache/commons/math/linear/EigenDecompositionImpl.java,1406
Math,80,src/main/java/org/apache/commons/math/linear/EigenDecompositionImpl.java,1407
Math,80,src/main/java/org/apache/commons/math/linear/EigenDecompositionImpl.java,1414
Math,80,src/main/java/org/apache/commons/math/linear/EigenDecompositionImpl.java,1415
Closure,93,src/com/google/javascript/rhino/Node.java,175
Closure,93,src/com/google/javascript/rhino/Node.java,195
Closure,93,src/com/google/javascript/rhino/Node.java,220
Closure,93,src/com/google/javascript/rhino/Node.java,222
Closure,93,src/com/google/javascript/rhino/Node.java,225
Closure,93,src/com/google/javascript/rhino/Node.java,228
Closure,93,src/com/google/javascript/rhino/Node.java,843
Closure,93,src/com/google/javascript/rhino/Node.java,844
Closure,93,src/com/google/javascript/rhino/Node.java,845
Closure,93,src/com/google/javascript/rhino/Node.java,848
Closure,93,src/com/google/javascript/rhino/Node.java,849
Closure,93,src/com/google/javascript/rhino/Node.java,850
Closure,93,src/com/google/javascript/rhino/Node.java,851
Closure,93,src/com/google/javascript/rhino/Node.java,854
Closure,93,src/com/google/javascript/rhino/Node.java,855
Closure,93,src/com/google/javascript/rhino/Node.java,908
Closure,93,src/com/google/javascript/rhino/Node.java,916
Closure,93,src/com/google/javascript/rhino/Node.java,917
Closure,93,src/com/google/javascript/rhino/Node.java,918
Closure,93,src/com/google/javascript/rhino/Node.java,929
Closure,93,src/com/google/javascript/rhino/Node.java,930
Closure,93,src/com/google/javascript/rhino/Node.java,931
Closure,93,src/com/google/javascript/rhino/Node.java,932
Closure,93,src/com/google/javascript/rhino/Node.java,933
Closure,93,src/com/google/javascript/rhino/Node.java,941
Closure,93,src/com/google/javascript/rhino/Node.java,959
Closure,93,src/com/google/javascript/rhino/Node.java,963
Closure,93,src/com/google/javascript/rhino/Node.java,964
Closure,93,src/com/google/javascript/rhino/Node.java,965
Closure,93,src/com/google/javascript/rhino/Node.java,966
Closure,93,src/com/google/javascript/rhino/Node.java,967
Closure,93,src/com/google/javascript/rhino/Node.java,971
Closure,93,src/com/google/javascript/rhino/Node.java,972
Closure,93,src/com/google/javascript/rhino/Node.java,973
Closure,93,src/com/google/javascript/rhino/Node.java,974
Closure,93,src/com/google/javascript/rhino/Node.java,975
Closure,93,src/com/google/javascript/rhino/Node.java,976
Closure,93,src/com/google/javascript/rhino/Node.java,977
Closure,93,src/com/google/javascript/rhino/Node.java,978
Closure,93,src/com/google/javascript/rhino/Node.java,980
Closure,93,src/com/google/javascript/rhino/Node.java,1016
Closure,93,src/com/google/javascript/rhino/Node.java,1017
Closure,93,src/com/google/javascript/rhino/Node.java,1018
Closure,93,src/com/google/javascript/rhino/Node.java,1020
Closure,93,src/com/google/javascript/rhino/Node.java,1024
Closure,93,src/com/google/javascript/rhino/Node.java,1025
Closure,93,src/com/google/javascript/rhino/Node.java,1029
Closure,93,src/com/google/javascript/rhino/Node.java,1030
Closure,93,src/com/google/javascript/rhino/Node.java,1031
Closure,93,src/com/google/javascript/rhino/Node.java,1032
Closure,93,src/com/google/javascript/rhino/Node.java,1033
Closure,93,src/com/google/javascript/rhino/Node.java,1034
Closure,93,src/com/google/javascript/rhino/Node.java,1039
Closure,93,src/com/google/javascript/rhino/Node.java,1043
Closure,93,src/com/google/javascript/rhino/Node.java,1048
Closure,93,src/com/google/javascript/rhino/Node.java,1049
Closure,93,src/com/google/javascript/rhino/Node.java,1050
Closure,93,src/com/google/javascript/rhino/Node.java,1057
Closure,93,src/com/google/javascript/rhino/Node.java,1058
Closure,93,src/com/google/javascript/rhino/Node.java,1063
Closure,93,src/com/google/javascript/rhino/Node.java,1064
Closure,93,src/com/google/javascript/rhino/Node.java,1066
Closure,93,src/com/google/javascript/rhino/Node.java,1067
Closure,93,src/com/google/javascript/rhino/Node.java,1068
Closure,93,src/com/google/javascript/rhino/Node.java,1069
Closure,93,src/com/google/javascript/rhino/Node.java,1071
Closure,93,src/com/google/javascript/rhino/Node.java,1070
Closure,93,src/com/google/javascript/rhino/Node.java,1074
Closure,93,src/com/google/javascript/rhino/Node.java,1369
Mockito,38,src/org/mockito/Matchers.java,202
Closure,114,src/com/google/javascript/rhino/Node.java,1430
Closure,114,src/com/google/javascript/rhino/Node.java,1446
Closure,114,src/com/google/javascript/rhino/Node.java,1459
Closure,114,src/com/google/javascript/rhino/Node.java,2194
Closure,114,src/com/google/javascript/rhino/Node.java,2195
Closure,114,src/com/google/javascript/rhino/Node.java,2196
Closure,114,src/com/google/javascript/rhino/Node.java,2197
Closure,38,src/com/google/javascript/jscomp/CodeConsumer.java,265
Math,11,src/main/java/org/apache/commons/math3/util/FastMath.java,1614
Math,11,src/main/java/org/apache/commons/math3/distribution/AbstractRealDistribution.java,76
Math,11,src/main/java/org/apache/commons/math3/distribution/AbstractRealDistribution.java,50
Math,11,src/main/java/org/apache/commons/math3/distribution/AbstractRealDistribution.java,60
Math,11,src/main/java/org/apache/commons/math3/distribution/AbstractRealDistribution.java,77
Math,11,src/main/java/org/apache/commons/math3/distribution/AbstractRealDistribution.java,78
Math,11,src/main/java/org/apache/commons/math3/distribution/NormalDistribution.java,71
Math,11,src/main/java/org/apache/commons/math3/distribution/NormalDistribution.java,72
Math,11,src/main/java/org/apache/commons/math3/distribution/NormalDistribution.java,86
Math,11,src/main/java/org/apache/commons/math3/distribution/NormalDistribution.java,87
Math,11,src/main/java/org/apache/commons/math3/distribution/NormalDistribution.java,104
Math,11,src/main/java/org/apache/commons/math3/distribution/NormalDistribution.java,106
Math,11,src/main/java/org/apache/commons/math3/distribution/NormalDistribution.java,110
Math,11,src/main/java/org/apache/commons/math3/distribution/NormalDistribution.java,111
Math,11,src/main/java/org/apache/commons/math3/distribution/NormalDistribution.java,112
Math,11,src/main/java/org/apache/commons/math3/distribution/NormalDistribution.java,113
Math,11,src/main/java/org/apache/commons/math3/distribution/NormalDistribution.java,44
Math,11,src/main/java/org/apache/commons/math3/distribution/NormalDistribution.java,46
Math,11,src/main/java/org/apache/commons/math3/distribution/NormalDistribution.java,135
Math,11,src/main/java/org/apache/commons/math3/distribution/NormalDistribution.java,136
Math,11,src/main/java/org/apache/commons/math3/distribution/NormalDistribution.java,137
Math,11,src/main/java/org/apache/commons/math3/random/RandomDataImpl.java,114
Math,11,src/main/java/org/apache/commons/math3/random/RandomDataImpl.java,115
Math,11,src/main/java/org/apache/commons/math3/random/RandomDataImpl.java,116
Math,11,src/main/java/org/apache/commons/math3/random/RandomDataGenerator.java,131
Math,11,src/main/java/org/apache/commons/math3/random/RandomDataGenerator.java,118
Math,11,src/main/java/org/apache/commons/math3/random/RandomDataGenerator.java,121
Math,11,src/main/java/org/apache/commons/math3/random/RandomDataGenerator.java,132
Chart,8,source/org/jfree/data/time/Week.java,175
Chart,8,source/org/jfree/data/time/Week.java,176
Chart,8,source/org/jfree/data/time/Week.java,188
Chart,8,source/org/jfree/data/time/Week.java,189
Chart,8,source/org/jfree/data/time/Week.java,192
Chart,8,source/org/jfree/data/time/Week.java,195
Chart,8,source/org/jfree/data/time/Week.java,198
Chart,8,source/org/jfree/data/time/Week.java,199
Chart,8,source/org/jfree/data/time/Week.java,204
Chart,8,source/org/jfree/data/time/Week.java,205
Chart,8,source/org/jfree/data/time/Week.java,211
Chart,8,source/org/jfree/data/time/Week.java,212
Chart,8,source/org/jfree/data/time/Week.java,215
Chart,8,source/org/jfree/data/time/Week.java,219
Chart,8,source/org/jfree/data/time/Week.java,221
Chart,8,source/org/jfree/data/time/Week.java,222
Math,82,src/main/java/org/apache/commons/math/optimization/linear/SimplexSolver.java,169
Math,82,src/main/java/org/apache/commons/math/optimization/linear/SimplexTableau.java,308
Math,75,src/main/java/org/apache/commons/math/stat/Frequency.java,303
Math,75,src/main/java/org/apache/commons/math/stat/Frequency.java,342
Lang,16,src/main/java/org/apache/commons/lang3/math/NumberUtils.java,459
Lang,16,src/main/java/org/apache/commons/lang3/math/NumberUtils.java,470
Lang,16,src/main/java/org/apache/commons/lang3/math/NumberUtils.java,476
Lang,16,src/main/java/org/apache/commons/lang3/math/NumberUtils.java,478
Lang,16,src/main/java/org/apache/commons/lang3/math/NumberUtils.java,481
Lang,16,src/main/java/org/apache/commons/lang3/math/NumberUtils.java,484
Lang,16,src/main/java/org/apache/commons/lang3/math/NumberUtils.java,517
Lang,16,src/main/java/org/apache/commons/lang3/math/NumberUtils.java,518
Lang,16,src/main/java/org/apache/commons/lang3/math/NumberUtils.java,521
Lang,16,src/main/java/org/apache/commons/lang3/math/NumberUtils.java,531
Lang,16,src/main/java/org/apache/commons/lang3/math/NumberUtils.java,532
Lang,16,src/main/java/org/apache/commons/lang3/math/NumberUtils.java,533
Lang,16,src/main/java/org/apache/commons/lang3/math/NumberUtils.java,545
Lang,16,src/main/java/org/apache/commons/lang3/math/NumberUtils.java,551
Lang,16,src/main/java/org/apache/commons/lang3/math/NumberUtils.java,554
Lang,16,src/main/java/org/apache/commons/lang3/math/NumberUtils.java,556
Lang,16,src/main/java/org/apache/commons/lang3/math/NumberUtils.java,559
Lang,16,src/main/java/org/apache/commons/lang3/math/NumberUtils.java,560
Lang,16,src/main/java/org/apache/commons/lang3/math/NumberUtils.java,564
Lang,16,src/main/java/org/apache/commons/lang3/math/NumberUtils.java,572
Lang,16,src/main/java/org/apache/commons/lang3/math/NumberUtils.java,574
Lang,16,src/main/java/org/apache/commons/lang3/math/NumberUtils.java,575
Lang,16,src/main/java/org/apache/commons/lang3/math/NumberUtils.java,576
Lang,61,src/java/org/apache/commons/lang/text/StrBuilder.java,1184
Lang,61,src/java/org/apache/commons/lang/text/StrBuilder.java,1185
Lang,61,src/java/org/apache/commons/lang/text/StrBuilder.java,1186
Lang,61,src/java/org/apache/commons/lang/text/StrBuilder.java,1187
Lang,61,src/java/org/apache/commons/lang/text/StrBuilder.java,1188
Lang,61,src/java/org/apache/commons/lang/text/StrBuilder.java,1189
Lang,61,src/java/org/apache/commons/lang/text/StrBuilder.java,1202
Lang,61,src/java/org/apache/commons/lang/text/StrBuilder.java,1203
Lang,61,src/java/org/apache/commons/lang/text/StrBuilder.java,1204
Lang,61,src/java/org/apache/commons/lang/text/StrBuilder.java,1205
Lang,61,src/java/org/apache/commons/lang/text/StrBuilder.java,1206
Lang,61,src/java/org/apache/commons/lang/text/StrBuilder.java,1209
Lang,61,src/java/org/apache/commons/lang/text/StrBuilder.java,1747
Mockito,5,src/org/mockito/AdditionalAnswers.java,26
Mockito,5,src/org/mockito/AdditionalAnswers.java,27
Mockito,5,src/org/mockito/AdditionalAnswers.java,28
Mockito,5,src/org/mockito/internal/stubbing/answers/ReturnsArgumentAt.java,36
Mockito,5,src/org/mockito/internal/stubbing/answers/ReturnsArgumentAt.java,37
Mockito,5,src/org/mockito/internal/stubbing/answers/ReturnsArgumentAt.java,38
Mockito,5,src/org/mockito/internal/stubbing/answers/ReturnsArgumentAt.java,65
Mockito,5,src/org/mockito/internal/stubbing/answers/ReturnsArgumentAt.java,68
Mockito,5,src/org/mockito/internal/matchers/AnyVararg.java,13
Mockito,5,src/org/mockito/internal/matchers/AnyVararg.java,16
Mockito,5,src/org/mockito/internal/matchers/Any.java,19
Mockito,5,src/org/mockito/internal/matchers/Any.java,17
Mockito,5,src/org/mockito/internal/creation/cglib/SerializableMockitoMethodProxy.java,13
Mockito,5,src/org/mockito/internal/matchers/Null.java,19
Mockito,5,src/org/mockito/internal/matchers/Null.java,20
Mockito,5,src/org/mockito/internal/matchers/Null.java,17
Mockito,5,src/org/mockito/internal/stubbing/defaultanswers/Answers.java,32
Mockito,5,src/org/mockito/internal/stubbing/defaultanswers/Answers.java,33
Mockito,5,src/org/mockito/internal/stubbing/defaultanswers/Answers.java,34
Mockito,5,src/org/mockito/internal/stubbing/defaultanswers/Answers.java,23
Mockito,5,src/org/mockito/internal/stubbing/defaultanswers/Answers.java,24
Mockito,5,src/org/mockito/internal/stubbing/defaultanswers/Answers.java,25
Mockito,5,src/org/mockito/internal/stubbing/defaultanswers/Answers.java,26
Mockito,5,src/org/mockito/internal/stubbing/defaultanswers/Answers.java,27
Mockito,5,src/org/mockito/internal/stubbing/defaultanswers/Answers.java,20
Mockito,5,src/org/mockito/internal/matchers/NotNull.java,19
Mockito,5,src/org/mockito/internal/matchers/NotNull.java,21
Mockito,5,src/org/mockito/internal/matchers/NotNull.java,17
Chart,11,source/org/jfree/chart/util/ShapeUtilities.java,265
Chart,11,source/org/jfree/chart/util/ShapeUtilities.java,268
Chart,11,source/org/jfree/chart/util/ShapeUtilities.java,271
Chart,11,source/org/jfree/chart/util/ShapeUtilities.java,274
Chart,11,source/org/jfree/chart/util/ShapeUtilities.java,275
Chart,11,source/org/jfree/chart/util/ShapeUtilities.java,276
Chart,11,source/org/jfree/chart/util/ShapeUtilities.java,277
Chart,11,source/org/jfree/chart/util/ShapeUtilities.java,278
Chart,11,source/org/jfree/chart/util/ShapeUtilities.java,279
Chart,11,source/org/jfree/chart/util/ShapeUtilities.java,280
Chart,11,source/org/jfree/chart/util/ShapeUtilities.java,283
Chart,11,source/org/jfree/chart/util/ShapeUtilities.java,284
Chart,11,source/org/jfree/chart/util/ShapeUtilities.java,285
Chart,11,source/org/jfree/chart/util/ShapeUtilities.java,288
Chart,11,source/org/jfree/chart/util/ShapeUtilities.java,291
Chart,11,source/org/jfree/chart/util/ShapeUtilities.java,292
Chart,11,source/org/jfree/chart/util/ShapeUtilities.java,293
Chart,11,source/org/jfree/chart/util/ShapeUtilities.java,294
Chart,11,source/org/jfree/chart/util/ShapeUtilities.java,295
Lang,59,src/java/org/apache/commons/lang/text/StrBuilder.java,879
Lang,59,src/java/org/apache/commons/lang/text/StrBuilder.java,880
Lang,59,src/java/org/apache/commons/lang/text/StrBuilder.java,881
Lang,59,src/java/org/apache/commons/lang/text/StrBuilder.java,882
Lang,59,src/java/org/apache/commons/lang/text/StrBuilder.java,883
Lang,59,src/java/org/apache/commons/lang/text/StrBuilder.java,884
Lang,24,src/main/java/org/apache/commons/lang3/math/NumberUtils.java,457
Lang,24,src/main/java/org/apache/commons/lang3/math/NumberUtils.java,464
Lang,24,src/main/java/org/apache/commons/lang3/math/NumberUtils.java,480
Lang,24,src/main/java/org/apache/commons/lang3/math/NumberUtils.java,492
Lang,24,src/main/java/org/apache/commons/lang3/math/NumberUtils.java,521
Lang,24,src/main/java/org/apache/commons/lang3/math/NumberUtils.java,532
Lang,24,src/main/java/org/apache/commons/lang3/math/NumberUtils.java,543
Lang,24,src/main/java/org/apache/commons/lang3/math/NumberUtils.java,548
Lang,24,src/main/java/org/apache/commons/lang3/math/NumberUtils.java,553
Lang,24,src/main/java/org/apache/commons/lang3/math/NumberUtils.java,586
Lang,24,src/main/java/org/apache/commons/lang3/math/NumberUtils.java,594
Lang,24,src/main/java/org/apache/commons/lang3/math/NumberUtils.java,598
Lang,24,src/main/java/org/apache/commons/lang3/math/NumberUtils.java,621
Lang,24,src/main/java/org/apache/commons/lang3/math/NumberUtils.java,1320
Lang,24,src/main/java/org/apache/commons/lang3/math/NumberUtils.java,1321
Lang,24,src/main/java/org/apache/commons/lang3/math/NumberUtils.java,1323
Lang,24,src/main/java/org/apache/commons/lang3/math/NumberUtils.java,1324
Lang,24,src/main/java/org/apache/commons/lang3/math/NumberUtils.java,1325
Lang,24,src/main/java/org/apache/commons/lang3/math/NumberUtils.java,1326
Lang,24,src/main/java/org/apache/commons/lang3/math/NumberUtils.java,1327
Lang,24,src/main/java/org/apache/commons/lang3/math/NumberUtils.java,1328
Lang,24,src/main/java/org/apache/commons/lang3/math/NumberUtils.java,1330
Lang,24,src/main/java/org/apache/commons/lang3/math/NumberUtils.java,1331
Lang,24,src/main/java/org/apache/commons/lang3/math/NumberUtils.java,1332
Lang,24,src/main/java/org/apache/commons/lang3/math/NumberUtils.java,1333
Lang,24,src/main/java/org/apache/commons/lang3/math/NumberUtils.java,1334
Lang,24,src/main/java/org/apache/commons/lang3/math/NumberUtils.java,1338
Lang,24,src/main/java/org/apache/commons/lang3/math/NumberUtils.java,1339
Lang,24,src/main/java/org/apache/commons/lang3/math/NumberUtils.java,1342
Lang,24,src/main/java/org/apache/commons/lang3/math/NumberUtils.java,1345
Lang,24,src/main/java/org/apache/commons/lang3/math/NumberUtils.java,1348
Lang,24,src/main/java/org/apache/commons/lang3/math/NumberUtils.java,1350
Lang,24,src/main/java/org/apache/commons/lang3/math/NumberUtils.java,1353
Lang,24,src/main/java/org/apache/commons/lang3/math/NumberUtils.java,1354
Lang,24,src/main/java/org/apache/commons/lang3/math/NumberUtils.java,1355
Lang,24,src/main/java/org/apache/commons/lang3/math/NumberUtils.java,1356
Lang,24,src/main/java/org/apache/commons/lang3/math/NumberUtils.java,1358
Lang,24,src/main/java/org/apache/commons/lang3/math/NumberUtils.java,1359
Lang,24,src/main/java/org/apache/commons/lang3/math/NumberUtils.java,1361
Lang,24,src/main/java/org/apache/commons/lang3/math/NumberUtils.java,1363
Lang,24,src/main/java/org/apache/commons/lang3/math/NumberUtils.java,1364
Lang,24,src/main/java/org/apache/commons/lang3/math/NumberUtils.java,1366
Lang,24,src/main/java/org/apache/commons/lang3/math/NumberUtils.java,1370
Lang,24,src/main/java/org/apache/commons/lang3/math/NumberUtils.java,1373
Lang,24,src/main/java/org/apache/commons/lang3/math/NumberUtils.java,1374
Lang,24,src/main/java/org/apache/commons/lang3/math/NumberUtils.java,1375
Lang,24,src/main/java/org/apache/commons/lang3/math/NumberUtils.java,1376
Lang,24,src/main/java/org/apache/commons/lang3/math/NumberUtils.java,1377
Lang,24,src/main/java/org/apache/commons/lang3/math/NumberUtils.java,1379
Lang,24,src/main/java/org/apache/commons/lang3/math/NumberUtils.java,1380
Lang,24,src/main/java/org/apache/commons/lang3/math/NumberUtils.java,1382
Lang,24,src/main/java/org/apache/commons/lang3/math/NumberUtils.java,1384
Lang,24,src/main/java/org/apache/commons/lang3/math/NumberUtils.java,1386
Lang,24,src/main/java/org/apache/commons/lang3/math/NumberUtils.java,1387
Lang,24,src/main/java/org/apache/commons/lang3/math/NumberUtils.java,1389
Lang,24,src/main/java/org/apache/commons/lang3/math/NumberUtils.java,1391
Lang,24,src/main/java/org/apache/commons/lang3/math/NumberUtils.java,1393
Lang,24,src/main/java/org/apache/commons/lang3/math/NumberUtils.java,1395
Lang,24,src/main/java/org/apache/commons/lang3/math/NumberUtils.java,1396
Lang,24,src/main/java/org/apache/commons/lang3/math/NumberUtils.java,1401
Lang,24,src/main/java/org/apache/commons/lang3/math/NumberUtils.java,1403
Lang,24,src/main/java/org/apache/commons/lang3/math/NumberUtils.java,1408
Lang,24,src/main/java/org/apache/commons/lang3/math/NumberUtils.java,1410
Lang,24,src/main/java/org/apache/commons/lang3/math/NumberUtils.java,1413
Lang,24,src/main/java/org/apache/commons/lang3/math/NumberUtils.java,1416
Mockito,29,src/org/mockito/internal/matchers/Same.java,37
Math,30,src/main/java/org/apache/commons/math3/util/FastMath.java,3538
Math,30,src/main/java/org/apache/commons/math3/util/FastMath.java,3539
Math,30,src/main/java/org/apache/commons/math3/special/Gamma.java,155
Mockito,24,src/org/mockito/internal/creation/jmock/SearchingClassLoader.java,70
Mockito,24,src/org/mockito/internal/creation/jmock/SearchingClassLoader.java,71
Lang,29,src/main/java/org/apache/commons/lang3/SystemUtils.java,1673
Mockito,8,src/org/mockito/internal/util/reflection/GenericMetadataSupport.java,184
Mockito,8,src/org/mockito/internal/util/reflection/GenericMetadataSupport.java,185
Math,96,src/java/org/apache/commons/math/complex/Complex.java,277
Math,96,src/java/org/apache/commons/math/complex/Complex.java,280
Chart,24,source/org/jfree/chart/renderer/GrayPaintScale.java,124
Chart,24,source/org/jfree/chart/renderer/GrayPaintScale.java,125
Chart,24,source/org/jfree/chart/renderer/GrayPaintScale.java,126
Chart,24,source/org/jfree/chart/renderer/GrayPaintScale.java,128
Closure,130,src/com/google/javascript/jscomp/SourceFile.java,303
Closure,130,src/com/google/javascript/rhino/InputId.java,74
Closure,130,src/com/google/javascript/rhino/Node.java,112
Closure,130,src/com/google/javascript/rhino/Node.java,121
Closure,130,src/com/google/javascript/rhino/Node.java,131
Closure,130,src/com/google/javascript/rhino/Node.java,132
Closure,130,src/com/google/javascript/rhino/Node.java,133
Closure,130,src/com/google/javascript/rhino/Node.java,860
Closure,130,src/com/google/javascript/rhino/Node.java,861
Closure,130,src/com/google/javascript/rhino/Node.java,862
Closure,130,src/com/google/javascript/rhino/Node.java,865
Closure,130,src/com/google/javascript/rhino/Node.java,866
Closure,130,src/com/google/javascript/rhino/Node.java,867
Closure,130,src/com/google/javascript/rhino/Node.java,868
Closure,130,src/com/google/javascript/rhino/Node.java,871
Closure,130,src/com/google/javascript/rhino/Node.java,872
Closure,130,src/com/google/javascript/rhino/Node.java,923
Closure,130,src/com/google/javascript/rhino/Node.java,945
Closure,130,src/com/google/javascript/rhino/Node.java,949
Closure,130,src/com/google/javascript/rhino/Node.java,952
Closure,130,src/com/google/javascript/rhino/Node.java,955
Closure,130,src/com/google/javascript/rhino/Node.java,956
Closure,130,src/com/google/javascript/rhino/Node.java,959
Closure,130,src/com/google/javascript/rhino/Node.java,960
Closure,130,src/com/google/javascript/rhino/Node.java,961
Closure,130,src/com/google/javascript/rhino/Node.java,962
Closure,130,src/com/google/javascript/rhino/Node.java,967
Closure,130,src/com/google/javascript/rhino/Node.java,968
Closure,130,src/com/google/javascript/rhino/Node.java,969
Closure,130,src/com/google/javascript/rhino/Node.java,970
Closure,130,src/com/google/javascript/rhino/Node.java,971
Closure,130,src/com/google/javascript/rhino/Node.java,972
Closure,130,src/com/google/javascript/rhino/Node.java,973
Closure,130,src/com/google/javascript/rhino/Node.java,975
Closure,130,src/com/google/javascript/rhino/Node.java,977
Closure,130,src/com/google/javascript/rhino/Node.java,980
Closure,130,src/com/google/javascript/rhino/Node.java,981
Closure,130,src/com/google/javascript/rhino/Node.java,986
Closure,130,src/com/google/javascript/rhino/Node.java,998
Closure,130,src/com/google/javascript/rhino/Node.java,1003
Closure,130,src/com/google/javascript/rhino/Node.java,1004
Closure,130,src/com/google/javascript/rhino/Node.java,1005
Closure,130,src/com/google/javascript/rhino/Node.java,1012
Closure,130,src/com/google/javascript/rhino/Node.java,1013
Closure,130,src/com/google/javascript/rhino/Node.java,1017
Closure,130,src/com/google/javascript/rhino/Node.java,1018
Closure,130,src/com/google/javascript/rhino/Node.java,1020
Closure,130,src/com/google/javascript/rhino/Node.java,1021
Closure,130,src/com/google/javascript/rhino/Node.java,1022
Closure,130,src/com/google/javascript/rhino/Node.java,1023
Closure,130,src/com/google/javascript/rhino/Node.java,1025
Closure,130,src/com/google/javascript/rhino/Node.java,1024
Closure,130,src/com/google/javascript/rhino/Node.java,1027
Closure,130,src/com/google/javascript/rhino/Node.java,1417
Closure,130,src/com/google/javascript/rhino/Node.java,1433
Closure,130,src/com/google/javascript/rhino/Node.java,1446
Closure,130,src/com/google/javascript/rhino/Node.java,343
Closure,130,src/com/google/javascript/rhino/Node.java,311
Closure,130,src/com/google/javascript/rhino/Node.java,2132
Closure,130,src/com/google/javascript/rhino/Node.java,2133
Closure,130,src/com/google/javascript/rhino/Node.java,2134
Closure,130,src/com/google/javascript/rhino/Node.java,2135
Math,105,src/java/org/apache/commons/math/stat/regression/SimpleRegression.java,89
Math,105,src/java/org/apache/commons/math/stat/regression/SimpleRegression.java,60
Math,105,src/java/org/apache/commons/math/stat/regression/SimpleRegression.java,63
Math,105,src/java/org/apache/commons/math/stat/regression/SimpleRegression.java,66
Math,105,src/java/org/apache/commons/math/stat/regression/SimpleRegression.java,69
Math,105,src/java/org/apache/commons/math/stat/regression/SimpleRegression.java,72
Math,105,src/java/org/apache/commons/math/stat/regression/SimpleRegression.java,75
Math,105,src/java/org/apache/commons/math/stat/regression/SimpleRegression.java,78
Math,105,src/java/org/apache/commons/math/stat/regression/SimpleRegression.java,81
Math,105,src/java/org/apache/commons/math/stat/regression/SimpleRegression.java,90
Math,105,src/java/org/apache/commons/math/stat/regression/SimpleRegression.java,106
Math,105,src/java/org/apache/commons/math/stat/regression/SimpleRegression.java,107
Math,105,src/java/org/apache/commons/math/stat/regression/SimpleRegression.java,108
Math,105,src/java/org/apache/commons/math/stat/regression/SimpleRegression.java,110
Math,105,src/java/org/apache/commons/math/stat/regression/SimpleRegression.java,111
Math,105,src/java/org/apache/commons/math/stat/regression/SimpleRegression.java,112
Math,105,src/java/org/apache/commons/math/stat/regression/SimpleRegression.java,113
Math,105,src/java/org/apache/commons/math/stat/regression/SimpleRegression.java,114
Math,105,src/java/org/apache/commons/math/stat/regression/SimpleRegression.java,115
Math,105,src/java/org/apache/commons/math/stat/regression/SimpleRegression.java,116
Math,105,src/java/org/apache/commons/math/stat/regression/SimpleRegression.java,118
Math,105,src/java/org/apache/commons/math/stat/regression/SimpleRegression.java,119
Math,105,src/java/org/apache/commons/math/stat/regression/SimpleRegression.java,120
Math,105,src/java/org/apache/commons/math/stat/regression/SimpleRegression.java,121
Math,105,src/java/org/apache/commons/math/stat/regression/SimpleRegression.java,264
Math,59,src/main/java/org/apache/commons/math/util/FastMath.java,3446
Math,59,src/main/java/org/apache/commons/math/util/FastMath.java,3482
Closure,123,src/com/google/javascript/jscomp/parsing/IRFactory.java,1397
Closure,123,src/com/google/javascript/jscomp/NodeUtil.java,2191
Math,85,src/java/org/apache/commons/math/distribution/AbstractContinuousDistribution.java,88
Math,85,src/java/org/apache/commons/math/distribution/AbstractContinuousDistribution.java,97
Math,85,src/java/org/apache/commons/math/distribution/AbstractContinuousDistribution.java,100
Math,85,src/java/org/apache/commons/math/distribution/AbstractContinuousDistribution.java,104
Math,85,src/java/org/apache/commons/math/analysis/solvers/UnivariateRealSolverUtils.java,199
Math,85,src/java/org/apache/commons/math/MathException.java,119
Math,85,src/java/org/apache/commons/math/MathException.java,120
Math,85,src/java/org/apache/commons/math/MathException.java,121
Math,85,src/java/org/apache/commons/math/MathException.java,122
Chart,1,source/org/jfree/chart/renderer/category/AbstractCategoryItemRenderer.java,1793
Closure,92,src/com/google/javascript/rhino/Node.java,175
Closure,92,src/com/google/javascript/rhino/Node.java,195
Closure,92,src/com/google/javascript/rhino/Node.java,220
Closure,92,src/com/google/javascript/rhino/Node.java,222
Closure,92,src/com/google/javascript/rhino/Node.java,225
Closure,92,src/com/google/javascript/rhino/Node.java,228
Closure,92,src/com/google/javascript/rhino/Node.java,843
Closure,92,src/com/google/javascript/rhino/Node.java,844
Closure,92,src/com/google/javascript/rhino/Node.java,845
Closure,92,src/com/google/javascript/rhino/Node.java,848
Closure,92,src/com/google/javascript/rhino/Node.java,849
Closure,92,src/com/google/javascript/rhino/Node.java,850
Closure,92,src/com/google/javascript/rhino/Node.java,851
Closure,92,src/com/google/javascript/rhino/Node.java,854
Closure,92,src/com/google/javascript/rhino/Node.java,855
Closure,92,src/com/google/javascript/rhino/Node.java,908
Closure,92,src/com/google/javascript/rhino/Node.java,916
Closure,92,src/com/google/javascript/rhino/Node.java,917
Closure,92,src/com/google/javascript/rhino/Node.java,918
Closure,92,src/com/google/javascript/rhino/Node.java,929
Closure,92,src/com/google/javascript/rhino/Node.java,930
Closure,92,src/com/google/javascript/rhino/Node.java,931
Closure,92,src/com/google/javascript/rhino/Node.java,932
Closure,92,src/com/google/javascript/rhino/Node.java,933
Closure,92,src/com/google/javascript/rhino/Node.java,941
Closure,92,src/com/google/javascript/rhino/Node.java,959
Closure,92,src/com/google/javascript/rhino/Node.java,963
Closure,92,src/com/google/javascript/rhino/Node.java,964
Closure,92,src/com/google/javascript/rhino/Node.java,965
Closure,92,src/com/google/javascript/rhino/Node.java,966
Closure,92,src/com/google/javascript/rhino/Node.java,967
Closure,92,src/com/google/javascript/rhino/Node.java,971
Closure,92,src/com/google/javascript/rhino/Node.java,972
Closure,92,src/com/google/javascript/rhino/Node.java,973
Closure,92,src/com/google/javascript/rhino/Node.java,974
Closure,92,src/com/google/javascript/rhino/Node.java,975
Closure,92,src/com/google/javascript/rhino/Node.java,976
Closure,92,src/com/google/javascript/rhino/Node.java,977
Closure,92,src/com/google/javascript/rhino/Node.java,978
Closure,92,src/com/google/javascript/rhino/Node.java,980
Closure,92,src/com/google/javascript/rhino/Node.java,1016
Closure,92,src/com/google/javascript/rhino/Node.java,1017
Closure,92,src/com/google/javascript/rhino/Node.java,1018
Closure,92,src/com/google/javascript/rhino/Node.java,1020
Closure,92,src/com/google/javascript/rhino/Node.java,1024
Closure,92,src/com/google/javascript/rhino/Node.java,1025
Closure,92,src/com/google/javascript/rhino/Node.java,1029
Closure,92,src/com/google/javascript/rhino/Node.java,1030
Closure,92,src/com/google/javascript/rhino/Node.java,1031
Closure,92,src/com/google/javascript/rhino/Node.java,1032
Closure,92,src/com/google/javascript/rhino/Node.java,1033
Closure,92,src/com/google/javascript/rhino/Node.java,1034
Closure,92,src/com/google/javascript/rhino/Node.java,1039
Closure,92,src/com/google/javascript/rhino/Node.java,1043
Closure,92,src/com/google/javascript/rhino/Node.java,1048
Closure,92,src/com/google/javascript/rhino/Node.java,1049
Closure,92,src/com/google/javascript/rhino/Node.java,1050
Closure,92,src/com/google/javascript/rhino/Node.java,1057
Closure,92,src/com/google/javascript/rhino/Node.java,1058
Closure,92,src/com/google/javascript/rhino/Node.java,1063
Closure,92,src/com/google/javascript/rhino/Node.java,1064
Closure,92,src/com/google/javascript/rhino/Node.java,1066
Closure,92,src/com/google/javascript/rhino/Node.java,1067
Closure,92,src/com/google/javascript/rhino/Node.java,1068
Closure,92,src/com/google/javascript/rhino/Node.java,1069
Closure,92,src/com/google/javascript/rhino/Node.java,1071
Closure,92,src/com/google/javascript/rhino/Node.java,1070
Closure,92,src/com/google/javascript/rhino/Node.java,1074
Closure,92,src/com/google/javascript/rhino/Node.java,1369
Math,57,src/main/java/org/apache/commons/math/stat/clustering/KMeansPlusPlusClusterer.java,69
Math,57,src/main/java/org/apache/commons/math/stat/clustering/KMeansPlusPlusClusterer.java,70
Math,57,src/main/java/org/apache/commons/math/stat/clustering/KMeansPlusPlusClusterer.java,134
Math,57,src/main/java/org/apache/commons/math/stat/clustering/KMeansPlusPlusClusterer.java,175
Math,57,src/main/java/org/apache/commons/math/stat/clustering/KMeansPlusPlusClusterer.java,176
Math,57,src/main/java/org/apache/commons/math/stat/clustering/KMeansPlusPlusClusterer.java,177
Math,57,src/main/java/org/apache/commons/math/stat/clustering/KMeansPlusPlusClusterer.java,178
Math,57,src/main/java/org/apache/commons/math/stat/clustering/KMeansPlusPlusClusterer.java,179
Math,57,src/main/java/org/apache/commons/math/stat/clustering/KMeansPlusPlusClusterer.java,180
Math,57,src/main/java/org/apache/commons/math/stat/clustering/KMeansPlusPlusClusterer.java,181
Math,57,src/main/java/org/apache/commons/math/stat/clustering/KMeansPlusPlusClusterer.java,186
Math,57,src/main/java/org/apache/commons/math/stat/clustering/KMeansPlusPlusClusterer.java,187
Math,57,src/main/java/org/apache/commons/math/stat/clustering/KMeansPlusPlusClusterer.java,188
Math,57,src/main/java/org/apache/commons/math/stat/clustering/KMeansPlusPlusClusterer.java,189
Math,57,src/main/java/org/apache/commons/math/stat/clustering/KMeansPlusPlusClusterer.java,190
Math,57,src/main/java/org/apache/commons/math/stat/clustering/KMeansPlusPlusClusterer.java,191
Math,57,src/main/java/org/apache/commons/math/stat/clustering/KMeansPlusPlusClusterer.java,194
Chart,20,source/org/jfree/chart/plot/Marker.java,265
Closure,18,src/com/google/javascript/rhino/Node.java,1430
Closure,18,src/com/google/javascript/rhino/Node.java,1446
Closure,18,src/com/google/javascript/rhino/Node.java,2147
Closure,18,src/com/google/javascript/rhino/Node.java,2148
Closure,18,src/com/google/javascript/rhino/Node.java,2149
Closure,18,src/com/google/javascript/rhino/Node.java,2150
Closure,65,src/com/google/javascript/jscomp/CodeGenerator.java,1015
Math,2,src/main/java/org/apache/commons/math3/distribution/AbstractIntegerDistribution.java,193
Math,2,src/main/java/org/apache/commons/math3/random/BitsStreamGenerator.java,90
Math,2,src/main/java/org/apache/commons/math3/random/BitsStreamGenerator.java,91
Math,2,src/main/java/org/apache/commons/math3/random/BitsStreamGenerator.java,92
Math,2,src/main/java/org/apache/commons/math3/random/Well19937c.java,86
Math,2,src/main/java/org/apache/commons/math3/random/Well19937c.java,87
Math,2,src/main/java/org/apache/commons/math3/random/Well19937c.java,89
Math,2,src/main/java/org/apache/commons/math3/random/Well19937c.java,90
Math,2,src/main/java/org/apache/commons/math3/random/Well19937c.java,91
Math,2,src/main/java/org/apache/commons/math3/random/Well19937c.java,92
Math,2,src/main/java/org/apache/commons/math3/random/Well19937c.java,94
Math,2,src/main/java/org/apache/commons/math3/random/Well19937c.java,95
Math,2,src/main/java/org/apache/commons/math3/random/Well19937c.java,96
Math,2,src/main/java/org/apache/commons/math3/random/Well19937c.java,97
Math,2,src/main/java/org/apache/commons/math3/random/Well19937c.java,98
Math,2,src/main/java/org/apache/commons/math3/random/Well19937c.java,100
Math,2,src/main/java/org/apache/commons/math3/random/Well19937c.java,101
Math,2,src/main/java/org/apache/commons/math3/random/Well19937c.java,102
Math,2,src/main/java/org/apache/commons/math3/random/Well19937c.java,103
Math,2,src/main/java/org/apache/commons/math3/random/Well19937c.java,108
Math,2,src/main/java/org/apache/commons/math3/random/Well19937c.java,109
Math,2,src/main/java/org/apache/commons/math3/random/Well19937c.java,111
Math,33,src/main/java/org/apache/commons/math3/optimization/linear/Relationship.java,59
Chart,12,source/org/jfree/chart/plot/MultiplePiePlot.java,166
Closure,57,src/com/google/javascript/jscomp/ClosureCodingConvention.java,185
Time,16,src/main/java/org/joda/time/format/DateTimeFormatter.java,698
Time,16,src/main/java/org/joda/time/format/DateTimeFormatter.java,699
Time,16,src/main/java/org/joda/time/format/DateTimeFormatter.java,703
Time,16,src/main/java/org/joda/time/format/DateTimeFormatter.java,704
Time,16,src/main/java/org/joda/time/format/DateTimeFormatter.java,705
Time,16,src/main/java/org/joda/time/format/DateTimeFormatter.java,706
Time,16,src/main/java/org/joda/time/format/DateTimeFormatter.java,708
Time,16,src/main/java/org/joda/time/format/DateTimeFormatter.java,710
Time,16,src/main/java/org/joda/time/format/DateTimeFormatter.java,711
Time,16,src/main/java/org/joda/time/format/DateTimeFormatter.java,712
Time,16,src/main/java/org/joda/time/format/DateTimeFormatter.java,716
Time,16,src/main/java/org/joda/time/format/DateTimeFormatter.java,717
Time,16,src/main/java/org/joda/time/format/DateTimeFormatter.java,719
Time,16,src/main/java/org/joda/time/format/DateTimeFormatter.java,720
Time,16,src/main/java/org/joda/time/format/DateTimeFormatter.java,723
Math,34,src/main/java/org/apache/commons/math3/genetics/ListPopulation.java,112
Math,34,src/main/java/org/apache/commons/math3/genetics/ListPopulation.java,113
Math,34,src/main/java/org/apache/commons/math3/genetics/ListPopulation.java,209
Lang,57,src/java/org/apache/commons/lang/LocaleUtils.java,47
Lang,57,src/java/org/apache/commons/lang/LocaleUtils.java,49
Lang,57,src/java/org/apache/commons/lang/LocaleUtils.java,51
Lang,57,src/java/org/apache/commons/lang/LocaleUtils.java,52
Lang,57,src/java/org/apache/commons/lang/LocaleUtils.java,53
Lang,57,src/java/org/apache/commons/lang/LocaleUtils.java,223
Closure,86,src/com/google/javascript/jscomp/NodeUtil.java,762
Closure,62,src/com/google/javascript/jscomp/LightweightMessageFormatter.java,90
Closure,62,src/com/google/javascript/jscomp/LightweightMessageFormatter.java,91
Closure,62,src/com/google/javascript/jscomp/LightweightMessageFormatter.java,92
Closure,62,src/com/google/javascript/jscomp/LightweightMessageFormatter.java,97
Math,5,src/main/java/org/apache/commons/math3/complex/Complex.java,305
Math,5,src/main/java/org/apache/commons/math3/complex/Complex.java,1228
Mockito,34,src/org/mockito/internal/matchers/AnyVararg.java,13
Mockito,34,src/org/mockito/internal/matchers/AnyVararg.java,16
Lang,33,src/main/java/org/apache/commons/lang3/ClassUtils.java,903
Lang,33,src/main/java/org/apache/commons/lang3/ClassUtils.java,904
Lang,33,src/main/java/org/apache/commons/lang3/ClassUtils.java,905
Lang,33,src/main/java/org/apache/commons/lang3/ClassUtils.java,906
Lang,33,src/main/java/org/apache/commons/lang3/ClassUtils.java,908
Lang,33,src/main/java/org/apache/commons/lang3/ClassUtils.java,909
Lang,33,src/main/java/org/apache/commons/lang3/ClassUtils.java,910
Lang,33,src/main/java/org/apache/commons/lang3/ClassUtils.java,912
Math,27,src/main/java/org/apache/commons/math3/fraction/Fraction.java,597
Closure,71,src/com/google/javascript/jscomp/DiagnosticType.java,131
