Time,19,src/main/java/org/joda/time/DateTime.java,333
Time,19,src/main/java/org/joda/time/DateTime.java,331
Time,4,src/main/java/org/joda/time/field/ZeroIsMaxDateTimeField.java,178
Time,4,src/main/java/org/joda/time/field/ZeroIsMaxDateTimeField.java,138
Time,4,src/main/java/org/joda/time/field/ZeroIsMaxDateTimeField.java,111
Time,16,src/main/java/org/joda/time/format/DateTimeFormatter.java,720
Time,16,src/main/java/org/joda/time/format/DateTimeFormatter.java,698
Time,16,src/main/java/org/joda/time/format/DateTimeFormatter.java,699
Time,16,src/main/java/org/joda/time/format/DateTimeFormatter.java,703
Time,16,src/main/java/org/joda/time/format/DateTimeFormatter.java,704
Time,16,src/main/java/org/joda/time/format/DateTimeFormatter.java,706
Time,16,src/main/java/org/joda/time/format/DateTimeFormatter.java,708
Time,16,src/main/java/org/joda/time/format/DateTimeFormatter.java,710
Time,16,src/main/java/org/joda/time/format/DateTimeFormatter.java,711
Time,16,src/main/java/org/joda/time/format/DateTimeFormatter.java,712
Time,16,src/main/java/org/joda/time/format/DateTimeFormatter.java,716
Time,16,src/main/java/org/joda/time/format/DateTimeFormatter.java,717
Time,16,src/main/java/org/joda/time/format/DateTimeFormatter.java,723
Time,16,src/main/java/org/joda/time/format/DateTimeFormatter.java,719
Time,16,src/main/java/org/joda/time/format/DateTimeFormatter.java,705
